<?xml version="1.0" encoding="UTF-8"?>
<CONFIG>
  <Lazarus>
    <ColorSchemes Version="13">
      <Names Count="1">
        <Item1 Value="Monokai"/>
      </Names>
      <Globals Version="13">
        <SchemeMonokai>
          <ahaBracketMatch Style="fsBold" BackPriority="3000" ForePriority="3000" FramePriority="3000"/>
          <ahaCodeFoldingTree Background="clWhite" Foreground="clSilver"/>
          <ahaDefault Background="clWhite" Foreground="clBlack"/>
          <ahaDisabledBreakpoint Background="clGreen" Foreground="clBlack" BackPriority="500" ForePriority="500" FramePriority="500"/>
          <ahaEnabledBreakpoint Background="clRed" Foreground="clBlack" BackPriority="500" ForePriority="500" FramePriority="500"/>
          <ahaErrorLine Background="5284095" Foreground="clBlack" BackPriority="500" ForePriority="500" FramePriority="500"/>
          <ahaExecutionPoint Background="clMedGray" Foreground="clWhite" BackPriority="500" ForePriority="500" FramePriority="500"/>
          <ahaFoldedCode Background="clWhite" Foreground="clSilver" FrameColor="clSilver" BackPriority="8000" ForePriority="8000" FramePriority="8000"/>
          <ahaGutter Background="15790320"/>
          <ahaGutterSeparator Background="clWhite" Foreground="clGray"/>
          <ahaHighlightAll Background="clYellow" BackPriority="4000" ForePriority="4000" FramePriority="4000"/>
          <ahaHighlightWord Background="15132390" FrameColor="clSilver" BackPriority="3000" ForePriority="3000" FramePriority="3000"/>
          <ahaIdentComplWindowHighlight Foreground="187"/>
          <ahaIfDefBlockActive BackPriority="9000" ForePriority="9000" FramePriority="9000"/>
          <ahaIfDefBlockInactive Foreground="clSilver" BackPriority="9050" ForePriority="9050" FramePriority="9050" ForeAlpha="165"/>
          <ahaIfDefBlockTmpActive BackPriority="9000" ForePriority="9000" FramePriority="9000"/>
          <ahaIfDefNodeActive BackPriority="9050" ForePriority="9050" FramePriority="9050"/>
          <ahaIfDefNodeInactive BackPriority="9150" ForePriority="9150" FramePriority="9150"/>
          <ahaIfDefNodeTmpActive BackPriority="9050" ForePriority="9050" FramePriority="9050"/>
          <ahaIncrementalSearch Background="3199088" Foreground="clWhite" BackPriority="4000" ForePriority="4000" FramePriority="4000"/>
          <ahaInvalidBreakpoint Background="clOlive" Foreground="clGreen" BackPriority="500" ForePriority="500" FramePriority="500"/>
          <ahaLineHighlight BackPriority="500" ForePriority="500" FramePriority="500"/>
          <ahaModifiedLine Foreground="clGreen" FrameColor="59900"/>
          <ahaMouseLink Foreground="clBlue" FrameColor="clBlue" FrameEdges="sfeBottom" BackPriority="2500" ForePriority="1500" FramePriority="7500"/>
          <ahaOutlineLevel1Color Foreground="clRed" MarkupFoldLineColor="clRed"/>
          <ahaOutlineLevel2Color Foreground="39159" MarkupFoldLineColor="39159"/>
          <ahaOutlineLevel3Color Foreground="2280512" MarkupFoldLineColor="2280512"/>
          <ahaOutlineLevel4Color Foreground="13421568" MarkupFoldLineColor="13421568"/>
          <ahaOutlineLevel5Color Foreground="16738346" MarkupFoldLineColor="16738346"/>
          <ahaOutlineLevel6Color Foreground="13566148" MarkupFoldLineColor="13566148"/>
          <ahaOverviewGutter Background="15263976" Foreground="13948116" FrameColor="clSilver"/>
          <ahaRightMargin Foreground="clSilver"/>
          <ahaSpecialVisibleChars BackPriority="8100" ForePriority="8100" FramePriority="8100"/>
          <ahaSyncroEditArea Background="clMoneyGreen" BackPriority="2000" ForePriority="2000" FramePriority="2000"/>
          <ahaSyncroEditCur FrameColor="clFuchsia" BackPriority="2000" ForePriority="2000" FramePriority="2000"/>
          <ahaSyncroEditOther FrameColor="9744532" BackPriority="6000" ForePriority="6000" FramePriority="6000"/>
          <ahaSyncroEditSync FrameColor="clRed" BackPriority="6000" ForePriority="6000" FramePriority="6000"/>
          <ahaTemplateEditCur FrameColor="clAqua" BackPriority="6000" ForePriority="6000" FramePriority="6000"/>
          <ahaTemplateEditOther FrameColor="clMaroon" BackPriority="6000" ForePriority="6000" FramePriority="6000"/>
          <ahaTemplateEditSync FrameColor="clFuchsia" BackPriority="6000" ForePriority="6000" FramePriority="6000"/>
          <ahaTextBlock Background="clNavy" Foreground="clWhite" BackPriority="7000" ForePriority="7000" FramePriority="7000"/>
          <ahaTopInfoHint Background="clSkyBlue" Foreground="clBlack" FrameColor="clMaroon" FrameStyle="slsDashed" FrameEdges="sfeBottom" BackPriority="8500" ForePriority="8500" FramePriority="8500"/>
          <ahaUnknownBreakpoint Background="clRed" Foreground="clBlack" BackPriority="500" ForePriority="500" FramePriority="500"/>
          <ahaWordGroup FrameColor="clRed" BackPriority="3000" ForePriority="3000" FramePriority="3000"/>
        </SchemeMonokai>
      </Globals>
      <LangObjectPascal Version="13">
        <SchemeMonokai>
          <ahaIfDefBlockInactive ForeAlpha="0"/>
          <Assembler Foreground="clGreen"/>
          <Comment Foreground="clBlue" Style="fsBold"/>
          <Directive Foreground="clRed" Style="fsBold"/>
          <Number Foreground="clNavy"/>
          <Reserved_word Style="fsBold"/>
          <String Foreground="clBlue"/>
          <Symbol Foreground="clRed"/>
        </SchemeMonokai>
      </LangObjectPascal>
      <LangLazarus_Form_definition Version="13">
        <SchemeMonokai>
          <ahaIfDefBlockInactive ForeAlpha="0"/>
          <Comment Foreground="clBlue" Style="fsBold"/>
          <Key Style="fsBold"/>
          <Number Foreground="clNavy"/>
          <String Foreground="clBlue"/>
          <Symbol Foreground="clRed"/>
        </SchemeMonokai>
      </LangLazarus_Form_definition>
      <LangXML_document Version="13">
        <SchemeMonokai>
          <ahaIfDefBlockInactive ForeAlpha="0"/>
          <Attribute_Name Foreground="clMaroon"/>
          <Attribute_Value Foreground="clNavy" Style="fsBold"/>
          <CDATA_Section Foreground="clOlive" Style="fsItalic"/>
          <Comment Foreground="clBlue" Style="fsBold"/>
          <DOCTYPE_Section Foreground="clBlue" Style="fsItalic"/>
          <Element_Name Foreground="clMaroon" Style="fsBold"/>
          <Entity_Reference Foreground="clBlue" Style="fsBold"/>
          <Namespace_Attribute_Name Foreground="clRed"/>
          <Namespace_Attribute_Value Foreground="clRed" Style="fsBold"/>
          <Processing_Instruction Foreground="clBlue"/>
          <Symbol Foreground="clRed"/>
          <Text Foreground="clBlack" Style="fsBold"/>
        </SchemeMonokai>
      </LangXML_document>
      <LangHTML_document Version="13">
        <SchemeMonokai>
          <ahaIfDefBlockInactive ForeAlpha="0"/>
          <Asp Background="clYellow" Foreground="clBlack"/>
          <Comment Foreground="clBlue" Style="fsBold"/>
          <Escape_ampersand Foreground="clLime" Style="fsBold"/>
          <Identifier Style="fsBold"/>
          <Reserved_word Style="fsBold"/>
          <Symbol Foreground="clRed"/>
          <Unknown_word Foreground="clRed" Style="fsBold"/>
          <Value Foreground="16744448"/>
        </SchemeMonokai>
      </LangHTML_document>
      <LangC__ Version="13">
        <SchemeMonokai>
          <ahaIfDefBlockInactive ForeAlpha="0"/>
          <Assembler Foreground="clGreen"/>
          <Comment Foreground="clBlue" Style="fsBold"/>
          <Number Foreground="clNavy"/>
          <Preprocessor Foreground="clBlue" Style="fsBold"/>
          <Reserved_word Style="fsBold"/>
          <Space Foreground="clWindow"/>
          <String Foreground="clBlue"/>
          <Symbol Foreground="clRed"/>
        </SchemeMonokai>
      </LangC__>
      <LangPerl Version="13">
        <SchemeMonokai>
          <ahaIfDefBlockInactive ForeAlpha="0"/>
          <Comment Foreground="clBlue" Style="fsBold"/>
          <Number Foreground="clNavy"/>
          <Pragma Style="fsBold"/>
          <Reserved_word Style="fsBold"/>
          <Space Foreground="clWindow"/>
          <String Foreground="clBlue"/>
          <Symbol Foreground="clRed"/>
          <Variable Style="fsBold"/>
        </SchemeMonokai>
      </LangPerl>
      <LangJava Version="13">
        <SchemeMonokai>
          <ahaIfDefBlockInactive ForeAlpha="0"/>
          <Comment Foreground="clBlue" Style="fsBold"/>
          <Documentation Foreground="clBlue" Style="fsBold"/>
          <Number Foreground="clNavy"/>
          <Reserved_word Style="fsBold"/>
          <Space Foreground="clWindow"/>
          <String Foreground="clBlue"/>
          <Symbol Foreground="clRed"/>
        </SchemeMonokai>
      </LangJava>
      <LangUNIX_Shell_Script Version="13">
        <SchemeMonokai>
          <ahaIfDefBlockInactive ForeAlpha="0"/>
          <Comment Foreground="clBlue" Style="fsBold"/>
          <Number Foreground="clNavy"/>
          <Reserved_word Style="fsBold"/>
          <String Foreground="clBlue"/>
          <Symbol Foreground="clRed"/>
          <Variable Foreground="clPurple"/>
        </SchemeMonokai>
      </LangUNIX_Shell_Script>
      <LangPython Version="13">
        <SchemeMonokai>
          <ahaIfDefBlockInactive ForeAlpha="0"/>
          <Comment Foreground="clBlue" Style="fsBold"/>
          <Documentation Foreground="clBlue" Style="fsBold"/>
          <Float Foreground="clBlue"/>
          <Hexadecimal Foreground="clBlue"/>
          <Non_reserved_keyword Foreground="clNavy" Style="fsBold"/>
          <Number Foreground="clNavy"/>
          <Octal Foreground="clBlue"/>
          <Reserved_word Style="fsBold"/>
          <String Foreground="clBlue"/>
          <Symbol Foreground="clRed"/>
          <SyntaxError Foreground="clRed"/>
          <System_functions_and_variables Style="fsBold"/>
        </SchemeMonokai>
      </LangPython>
      <LangPHP Version="13">
        <SchemeMonokai>
          <ahaIfDefBlockInactive ForeAlpha="0"/>
          <Comment Foreground="clBlue" Style="fsBold"/>
          <Number Foreground="clNavy"/>
          <Reserved_word Style="fsBold"/>
          <String Foreground="clBlue"/>
          <Symbol Foreground="clRed"/>
        </SchemeMonokai>
      </LangPHP>
      <LangSQL Version="13">
        <SchemeMonokai>
          <ahaIfDefBlockInactive ForeAlpha="0"/>
          <Comment Foreground="clBlue" Style="fsBold"/>
          <Data_type Style="fsBold"/>
          <Default_packages Style="fsBold"/>
          <Exception Style="fsItalic"/>
          <Function Style="fsBold"/>
          <Number Foreground="clNavy"/>
          <Reserved_word Style="fsBold"/>
          <Reserved_word__PL_SQL_ Style="fsBold"/>
          <SQL_Plus_command Style="fsBold"/>
          <String Foreground="clBlue"/>
          <Symbol Foreground="clRed"/>
        </SchemeMonokai>
      </LangSQL>
      <LangCascading_style_sheets Version="13">
        <SchemeMonokai>
          <ahaIfDefBlockInactive ForeAlpha="0"/>
        </SchemeMonokai>
      </LangCascading_style_sheets>
      <LangJavascript Version="13">
        <SchemeMonokai>
          <ahaIfDefBlockInactive ForeAlpha="0"/>
          <Comment Foreground="clBlue" Style="fsBold"/>
          <Number Foreground="clNavy"/>
          <Reserved_word Style="fsBold"/>
          <String Foreground="clBlue"/>
          <Symbol Foreground="clRed"/>
        </SchemeMonokai>
      </LangJavascript>
      <LangDiff_File Version="13">
        <SchemeMonokai>
          <ahaIfDefBlockInactive ForeAlpha="0"/>
          <Diff_Added_line Foreground="clGreen"/>
          <Diff_Changed_Line Foreground="clPurple"/>
          <Diff_Chunk_Line_Counts Foreground="clPurple" Style="fsBold"/>
          <Diff_Chunk_Marker Style="fsBold"/>
          <Diff_Chunk_New_Line_Count Foreground="clGreen" Style="fsBold"/>
          <Diff_Chunk_Original_Line_Count Foreground="clRed" Style="fsBold"/>
          <Diff_New_File Background="clGreen" Style="fsBold"/>
          <Diff_Original_File Background="clRed" Style="fsBold"/>
          <Diff_Removed_Line Foreground="clRed"/>
          <Unknown_word Style="fsItalic"/>
        </SchemeMonokai>
      </LangDiff_File>
      <LangMS_DOS_batch_language Version="13">
        <SchemeMonokai>
          <ahaIfDefBlockInactive ForeAlpha="0"/>
          <Comment Foreground="clNavy" Style="fsItalic"/>
          <Key Style="fsBold"/>
          <Number Foreground="clBlue"/>
          <Variable Foreground="clGreen"/>
        </SchemeMonokai>
      </LangMS_DOS_batch_language>
      <LangINI_file Version="13">
        <SchemeMonokai>
          <ahaIfDefBlockInactive ForeAlpha="0"/>
          <Comment Foreground="clGreen" Style="fsItalic"/>
          <Section Style="fsBold"/>
        </SchemeMonokai>
      </LangINI_file>
      <Langpo_language_files Version="13">
        <SchemeMonokai>
          <ahaIfDefBlockInactive ForeAlpha="0"/>
          <Comment Foreground="clGreen" Style="fsItalic"/>
          <Flags Foreground="clTeal"/>
          <Identifier Foreground="clGreen" Style="fsBold"/>
          <Key Style="fsBold"/>
          <Previous_value Foreground="clOlive" Style="fsItalic"/>
          <String Foreground="clFuchsia"/>
        </SchemeMonokai>
      </Langpo_language_files>
      <LangPike Version="13">
        <SchemeMonokai>
          <ahaIfDefBlockInactive ForeAlpha="0"/>
        </SchemeMonokai>
      </LangPike>
    </ColorSchemes>
  </Lazarus>
</CONFIG>
